frame,x,y,w,h
23,254.685,508.915,33.37,37.83
24,272.455,427.105,33.37,37.83
25,311.27000000000004,434.29,28.58,31.12
26,324.68,445.79,28.58,31.12
27,355.34000000000003,466.87,28.58,31.12
28,379.29,487.95,28.58,31.12
29,408.995,523.415,24.75,25.37
30,423.365,546.415,24.75,25.37
31,431.985,557.915,24.75,25.37
32,446.535,581.9549999999999,24.75,25.37
33,458.22999999999996,605.99,19.06,19.04
34,474.66999999999996,643.9399999999999,19.06,19.04
35,484.15999999999997,667.98,19.06,19.04
36,495.53999999999996,697.085,19.06,17.77
37,498.405,706.67,15.05,14.62
38,506.20500000000004,733.78,11.21,13.96
39,512.24,758.5,15.12,14.1
40,525.0649999999999,797.615,11.31,12.07
41,530.145,826.3149999999999,11.31,12.07
42,535.475,839.525,11.31,12.07
43,538.495,831.96,12.19,13.76
44,540.035,809.175,11.73,12.81
45,544.105,780.0949999999999,11.31,12.07
46,544.865,766.375,11.31,12.07
47,546.895,755.1949999999999,11.31,12.07
48,547.655,749.605,11.31,12.07
49,552.225,744.775,11.31,12.07
